Workbook

Sheet Escala Final
A1: ESCALA CONSOLIDADA - FUNÇÕES QUENTES E APOIO
A2: Período: 04/05/2026 a 15/05/2026 | Exercícios 1º e 2º
A4: Data | B4: Dia | C4: EX | D4: Chefe | E4: Auxiliar | F4: Segurança | G4: Condições | H4: Monitor 1 | I4: Monitor 2
A5: 46146 | B5: Seg | C5: 1º | D5: Cel Ivanete | E5: Cap Amador | F5: Sgt Cristiano | G5: SD Carlos Monteiro | H5: Cap Caio | I5: Sgt Eline
A6: 46146 | B6: Seg | C6: 2º | D6: Cap Jorge Luiz | E6: Sgt Fernando | F6: Sgt Santiago | G6: Sgt S. Souza | H6: SD Elâine | I6: SD Jaffer
A7: 46147 | B7: Ter | C7: 1º | D7: Maj Chucre | E7: Cap Charlys | F7: SD R. dos Santos | G7: SD Thales | H7: SD Jorge Lucas | I7: SD Mateus Felipe
A8: 46147 | B8: Ter | C8: 2º | D8: Ten Cecília | E8: Maj Chucre | F8: SD Raíssa | G8: SD Carlos Monteiro | H8: SD Nicoly | I8: SD Nunes
A9: 46148 | B9: Qua | C9: 1º | D9: Cap Amador | E9: Cap Jorge Luiz | F9: SD Axl | G9: Sgt Cristiano | H9: Sgt Santiago | I9: Cap Caio
A10: 46148 | B10: Qua | C10: 2º | D10: Cel Ivanete | E10: Cap Amador | F10: Sgt Fernando | G10: Sgt Eline | H10: Sgt S. Souza | I10: SD Elâine
A11: 46149 | B11: Qui | C11: 1º | D11: Cap Charlys | E11: Sgt Cristiano | F11: SD Jaffer | G11: SD R. dos Santos | H11: SD Raíssa | I11: SD Jorge Lucas
A12: 46149 | B12: Qui | C12: 2º | D12: Maj Chucre | E12: Cap Charlys | F12: SD Thales | G12: SD Mateus Felipe | H12: SD Carlos Monteiro | I12: SD Nicoly
A13: 46150 | B13: Sex | C13: 1º | D13: Cap Jorge Luiz | E13: Cel Ivanete | F13: SD Nunes | G13: SD Axl | H13: Sgt Cristiano | I13: SD Carlos Monteiro
A14: 46150 | B14: Sex | C14: 2º | D14: Cap Amador | E14: Sgt Santiago | F14: Cap Caio | G14: Sgt Fernando | H14: Sgt Eline | I14: Sgt S. Souza
A15: 46153 | B15: Seg | C15: 1º | D15: Ten Cecília | E15: Maj Chucre | F15: SD Elâine | G15: SD Jaffer | H15: SD R. dos Santos | I15: SD Raíssa
A16: 46153 | B16: Seg | C16: 2º | D16: Cap Charlys | E16: Sgt Santiago | F16: SD Jorge Lucas | G16: SD Thales | H16: SD Mateus Felipe | I16: SD Carlos Monteiro
... A24: 46157 | B24: Sex | C24: 2º | D24: Ten Cecília | E24: Cap Charlys | F24: Sgt S. Souza | G24: SD Raíssa | H24: SD Thales | I24: SD Jorge Lucas

Sheet Estatisticas
A1: ESTATÍSTICA DAS FUNÇÕES QUENTES | G1: Resumo
A2: Contagem automática de Chefe, Auxiliar e Segurança a partir da planilha Escala Final | G2: Total de linhas na escala | H2: 20
G3: Total de chefias | H3: =SUM(B5:B27) -> 20
A4: Nome | B4: Chefe | C4: Auxiliar | D4: Segurança | E4: Total quente | G4: Total de auxílios | H4: =SUM(C5:C27) -> 20
A5: Cel Ivanete | B5: =COUNTIF('Escala Final'!D$5:D$24,A5) -> 3 | C5: =COUNTIF('Escala Final'!E$5:E$24,A5) -> 2 | D5: =COUNTIF('Escala Final'!F$5:F$24,A5) -> 0 | E5: =SUM(B5:D5) -> 5 | G5: Total de seguranças | H5: =SUM(D5:D27) -> 20
A6: Cap Amador | B6: =COUNTIF('Escala Final'!D$5:D$24,A6) -> 4 | C6: =COUNTIF('Escala Final'!E$5:E$24,A6) -> 2 | D6: =COUNTIF('Escala Final'!F$5:F$24,A6) -> 0 | E6: =SUM(B6:D6) -> 6
A7: Sgt Cristiano | B7: =COUNTIF('Escala Final'!D$5:D$24,A7) -> 0 | C7: =COUNTIF('Escala Final'!E$5:E$24,A7) -> 3 | D7: =COUNTIF('Escala Final'!F$5:F$24,A7) -> 1 | E7: =SUM(B7:D7) -> 4 | G7: Destaques
A8: SD Carlos Monteiro | B8: =COUNTIF('Escala Final'!D$5:D$24,A8) -> 0 | C8: =COUNTIF('Escala Final'!E$5:E$24,A8) -> 0 | D8: =COUNTIF('Escala Final'!F$5:F$24,A8) -> 1 | E8: =SUM(B8:D8) -> 1 | G8: Nome | H8: Ocorrências | I8: Total quente | J8: Chefias
A9: Cap Caio | B9: =COUNTIF('Escala Final'!D$5:D$24,A9) -> 0 | C9: =COUNTIF('Escala Final'!E$5:E$24,A9) -> 0 | D9: =COUNTIF('Escala Final'!F$5:F$24,A9) -> 1 | E9: =SUM(B9:D9) -> 1 | G9: Cap Amador | H9: =COUNTIF(A$5:A$27,"Cel Ivanete") -> 1 | I9: =_xludf.XLOOKUP(G9,A$5:A$27,E$5:E$27,"") -> #NAME? | J9: =_xludf.XLOOKUP(G9,A$5:A$27,B$5:B$27,"") -> #NAME?
A10: Sgt Eline | B10: =COUNTIF('Escala Final'!D$5:D$24,A10) -> 0 | C10: =COUNTIF('Escala Final'!E$5:E$24,A10) -> 0 | D10: =COUNTIF('Escala Final'!F$5:F$24,A10) -> 2 | E10: =SUM(B10:D10) -> 2 | G10: Cel Ivanete | H10: =COUNTIF(A$5:A$27,"Cap Jorge Luiz") -> 1 | I10: =_xludf.XLOOKUP(G10,A$5:A$27,E$5:E$27,"") -> #NAME? | J10: =_xludf.XLOOKUP(G10,A$5:A$27,B$5:B$27,"") -> #NAME?
A11: Cap Jorge Luiz | B11: =COUNTIF('Escala Final'!D$5:D$24,A11) -> 3 | C11: =COUNTIF('Escala Final'!E$5:E$24,A11) -> 1 | D11: =COUNTIF('Escala Final'!F$5:F$24,A11) -> 0 | E11: =SUM(B11:D11) -> 4 | G11: Cap Jorge Luiz | H11: =COUNTIF(A$5:A$27,"Ten Cecília") -> 1 | I11: =_xludf.XLOOKUP(G11,A$5:A$27,E$5:E$27,"") -> #NAME? | J11: =_xludf.XLOOKUP(G11,A$5:A$27,B$5:B$27,"") -> #NAME?
A12: Sgt Fernando | B12: =COUNTIF('Escala Final'!D$5:D$24,A12) -> 0 | C12: =COUNTIF('Escala Final'!E$5:E$24,A12) -> 3 | D12: =COUNTIF('Escala Final'!F$5:F$24,A12) -> 1 | E12: =SUM(B12:D12) -> 4 | G12: Ten Cecília | H12: =COUNTIF(A$5:A$27,"Maj Chucre") -> 1 | I12: =_xludf.XLOOKUP(G12,A$5:A$27,E$5:E$27,"") -> #NAME? | J12: =_xludf.XLOOKUP(G12,A$5:A$27,B$5:B$27,"") -> #NAME?
A13: Sgt Santiago | B13: =COUNTIF('Escala Final'!D$5:D$24,A13) -> 0 | C13: =COUNTIF('Escala Final'!E$5:E$24,A13) -> 3 | D13: =COUNTIF('Escala Final'!F$5:F$24,A13) -> 1 | E13: =SUM(B13:D13) -> 4 | G13: Maj Chucre | H13: =COUNTIF(A$5:A$27,"Sgt Fernando") -> 1 | I13: =_xludf.XLOOKUP(G13,A$5:A$27,E$5:E$27,"") -> #NAME? | J13: =_xludf.XLOOKUP(G13,A$5:A$27,B$5:B$27,"") -> #NAME?
A14: Sgt S. Souza | B14: =COUNTIF('Escala Final'!D$5:D$24,A14) -> 0 | C14: =COUNTIF('Escala Final'!E$5:E$24,A14) -> 0 | D14: =COUNTIF('Escala Final'!F$5:F$24,A14) -> 2 | E14: =SUM(B14:D14) -> 2 | G14: Sgt Fernando
A15: SD Elâine | B15: =COUNTIF('Escala Final'!D$5:D$24,A15) -> 0 | C15: =COUNTIF('Escala Final'!E$5:E$24,A15) -> 0 | D15: =COUNTIF('Escala Final'!F$5:F$24,A15) -> 1 | E15: =SUM(B15:D15) -> 1
A16: SD Jaffer | B16: =COUNTIF('Escala Final'!D$5:D$24,A16) -> 0 | C16: =COUNTIF('Escala Final'!E$5:E$24,A16) -> 0 | D16: =COUNTIF('Escala Final'!F$5:F$24,A16) -> 1 | E16: =SUM(B16:D16) -> 1
A17: Maj Chucre | B17: =COUNTIF('Escala Final'!D$5:D$24,A17) -> 4 | C17: =COUNTIF('Escala Final'!E$5:E$24,A17) -> 2 | D17: =COUNTIF('Escala Final'!F$5:F$24,A17) -> 0 | E17: =SUM(B17:D17) -> 6
A18: Cap Charlys | B18: =COUNTIF('Escala Final'!D$5:D$24,A18) -> 3 | C18: =COUNTIF('Escala Final'!E$5:E$24,A18) -> 3 | D18: =COUNTIF('Escala Final'!F$5:F$24,A18) -> 0 | E18: =SUM(B18:D18) -> 6
A19: SD R. dos Santos | B19: =COUNTIF('Escala Final'!D$5:D$24,A19) -> 0 | C19: =COUNTIF('Escala Final'!E$5:E$24,A19) -> 0 | D19: =COUNTIF('Escala Final'!F$5:F$24,A19) -> 1 | E19: =SUM(B19:D19) -> 1
A20: SD Thales | B20: =COUNTIF('Escala Final'!D$5:D$24,A20) -> 0 | C20: =COUNTIF('Escala Final'!E$5:E$24,A20) -> 0 | D20: =COUNTIF('Escala Final'!F$5:F$24,A20) -> 1 | E20: =SUM(B20:D20) -> 1
A21: SD Jorge Lucas | B21: =COUNTIF('Escala Final'!D$5:D$24,A21) -> 0 | C21: =COUNTIF('Escala Final'!E$5:E$24,A21) -> 0 | D21: =COUNTIF('Escala Final'!F$5:F$24,A21) -> 1 | E21: =SUM(B21:D21) -> 1
A22: SD Mateus Felipe | B22: =COUNTIF('Escala Final'!D$5:D$24,A22) -> 0 | C22: =COUNTIF('Escala Final'!E$5:E$24,A22) -> 0 | D22: =COUNTIF('Escala Final'!F$5:F$24,A22) -> 1 | E22: =SUM(B22:D22) -> 1
A23: Ten Cecília | B23: =COUNTIF('Escala Final'!D$5:D$24,A23) -> 3 | C23: =COUNTIF('Escala Final'!E$5:E$24,A23) -> 1 | D23: =COUNTIF('Escala Final'!F$5:F$24,A23) -> 0 | E23: =SUM(B23:D23) -> 4
A24: SD Raíssa | B24: =COUNTIF('Escala Final'!D$5:D$24,A24) -> 0 | C24: =COUNTIF('Escala Final'!E$5:E$24,A24) -> 0 | D24: =COUNTIF('Escala Final'!F$5:F$24,A24) -> 1 | E24: =SUM(B24:D24) -> 1
A25: SD Nicoly | B25: =COUNTIF('Escala Final'!D$5:D$24,A25) -> 0 | C25: =COUNTIF('Escala Final'!E$5:E$24,A25) -> 0 | D25: =COUNTIF('Escala Final'!F$5:F$24,A25) -> 2 | E25: =SUM(B25:D25) -> 2
A26: SD Nunes | B26: =COUNTIF('Escala Final'!D$5:D$24,A26) -> 0 | C26: =COUNTIF('Escala Final'!E$5:E$24,A26) -> 0 | D26: =COUNTIF('Escala Final'!F$5:F$24,A26) -> 1 | E26: =SUM(B26:D26) -> 1
A27: SD Axl | B27: =COUNTIF('Escala Final'!D$5:D$24,A27) -> 0 | C27: =COUNTIF('Escala Final'!E$5:E$24,A27) -> 0 | D27: =COUNTIF('Escala Final'!F$5:F$24,A27) -> 1 | E27: =SUM(B27:D27) -> 1
